username	interests
pluto	[0.650963643907361, 0.0, 0.0, 0.0, 0.0, 0.0, 0.1531679162134967, 0.0, 0.6126716648539868, 0.0, 0.0, 0.421211769587116, 0.0, 0.0]
