username	interests
test	[1.0, 1.0, 1.0]
pinco	[1.0, 1.0, 1.0]
pallino	[1.0, 1.0, 1.0]
enrico	[2,2,2]
pluto	[0.7071067811865475, 0.0, 0.7071067811865475, 0.0, 0.0]
