username	interests
test	[0.04899641742437271, 0.9935047513891614, 0.05229863735517459, 0.0595291542780854, 0.06533599596290933]
pinco	[0.046547957425976345, 0.9940959687533931, 0.048844159285381904, 0.05903756026636073, 0.061117159204452196]
pallino	[0.11421179276657074, 0.8893758785725931, 0.11028316681773952, 0.12501221231040938, 0.41009240775242567]
enrico	[0.11019047690618171, 0.8927539188998495, 0.33322510625153523, 0.2470878109615054, 0.13695671332962625]
pluto	[0.7071067811865475, 0.0, 0.7071067811865475, 0.0, 0.0]
