username	interests
pluto	[0.650963643907361, 0.0, 0.0, 0.0, 0.0, 0.0, 0.1531679162134967, 0.0, 0.6126716648539868, 0.0, 0.0, 0.421211769587116, 0.0, 0.0]
simone	[0.0, 0.20032077005375096, 0.0, 0.0, 0.2804490780752513, 0.8012830802150038, 0.0, 0.0, 0.2804490780752513, 0.0, 0.0, 0.0, 0.4006415401075019, 0.0]
